Company,Brand,Location,Season,Year,Sale
Nintendo,Nintendo 3DS (3DS),Europe,DEC,2013,950
Nintendo,Nintendo 3DS (3DS),Europe,DEC,2014,0
Nintendo,Nintendo 3DS (3DS),Europe,DEC,2015,530
Nintendo,Nintendo 3DS (3DS),Europe,DEC,2016,160
Nintendo,Nintendo 3DS (3DS),Europe,DEC,2017,1400
Nintendo,Nintendo 3DS (3DS),Europe,DEC,2018,200
Nintendo,Nintendo 3DS (3DS),Europe,DEC,2019,40
Nintendo,Nintendo 3DS (3DS),Europe,DEC,2020,10
Nintendo,Nintendo 3DS (3DS),Europe,JUN,2013,550
Nintendo,Nintendo 3DS (3DS),Europe,JUN,2014,440
Nintendo,Nintendo 3DS (3DS),Europe,JUN,2015,650
Nintendo,Nintendo 3DS (3DS),Europe,JUN,2016,560
Nintendo,Nintendo 3DS (3DS),Europe,JUN,2017,170
Nintendo,Nintendo 3DS (3DS),Europe,JUN,2018,170
Nintendo,Nintendo 3DS (3DS),Europe,JUN,2019,0
Nintendo,Nintendo 3DS (3DS),Europe,JUN,2020,30
Nintendo,Nintendo 3DS (3DS),Europe,MAR,2013,1370
Nintendo,Nintendo 3DS (3DS),Europe,MAR,2014,2180
Nintendo,Nintendo 3DS (3DS),Europe,MAR,2015,950
Nintendo,Nintendo 3DS (3DS),Europe,MAR,2016,720
Nintendo,Nintendo 3DS (3DS),Europe,MAR,2017,760
Nintendo,Nintendo 3DS (3DS),Europe,MAR,2018,1190
Nintendo,Nintendo 3DS (3DS),Europe,MAR,2019,320
Nintendo,Nintendo 3DS (3DS),Europe,MAR,2020,70
Nintendo,Nintendo 3DS (3DS),Europe,SEP,2013,660
Nintendo,Nintendo 3DS (3DS),Europe,SEP,2014,0
Nintendo,Nintendo 3DS (3DS),Europe,SEP,2015,210
Nintendo,Nintendo 3DS (3DS),Europe,SEP,2016,0
Nintendo,Nintendo 3DS (3DS),Europe,SEP,2017,200
Nintendo,Nintendo 3DS (3DS),Europe,SEP,2018,0
Nintendo,Nintendo 3DS (3DS),Europe,SEP,2019,0
Nintendo,Nintendo 3DS (3DS),Europe,SEP,2020,70
Nintendo,Nintendo 3DS (3DS),Japan,DEC,2013,1380
Nintendo,Nintendo 3DS (3DS),Japan,DEC,2014,960
Nintendo,Nintendo 3DS (3DS),Japan,DEC,2015,430
Nintendo,Nintendo 3DS (3DS),Japan,DEC,2016,280
Nintendo,Nintendo 3DS (3DS),Japan,DEC,2017,590
Nintendo,Nintendo 3DS (3DS),Japan,DEC,2018,110
Nintendo,Nintendo 3DS (3DS),Japan,DEC,2019,20
Nintendo,Nintendo 3DS (3DS),Japan,DEC,2020,20
Nintendo,Nintendo 3DS (3DS),Japan,JUN,2013,660
Nintendo,Nintendo 3DS (3DS),Japan,JUN,2014,440
Nintendo,Nintendo 3DS (3DS),Japan,JUN,2015,350
Nintendo,Nintendo 3DS (3DS),Japan,JUN,2016,300
Nintendo,Nintendo 3DS (3DS),Japan,JUN,2017,320
Nintendo,Nintendo 3DS (3DS),Japan,JUN,2018,150
Nintendo,Nintendo 3DS (3DS),Japan,JUN,2019,100
Nintendo,Nintendo 3DS (3DS),Japan,JUN,2020,20
Nintendo,Nintendo 3DS (3DS),Japan,MAR,2013,2090
Nintendo,Nintendo 3DS (3DS),Japan,MAR,2014,1490
Nintendo,Nintendo 3DS (3DS),Japan,MAR,2015,1250
Nintendo,Nintendo 3DS (3DS),Japan,MAR,2016,990
Nintendo,Nintendo 3DS (3DS),Japan,MAR,2017,1030
Nintendo,Nintendo 3DS (3DS),Japan,MAR,2018,490
Nintendo,Nintendo 3DS (3DS),Japan,MAR,2019,120
Nintendo,Nintendo 3DS (3DS),Japan,MAR,2020,20
Nintendo,Nintendo 3DS (3DS),Japan,SEP,2013,790
Nintendo,Nintendo 3DS (3DS),Japan,SEP,2014,470
Nintendo,Nintendo 3DS (3DS),Japan,SEP,2015,300
Nintendo,Nintendo 3DS (3DS),Japan,SEP,2016,330
Nintendo,Nintendo 3DS (3DS),Japan,SEP,2017,210
Nintendo,Nintendo 3DS (3DS),Japan,SEP,2018,80
Nintendo,Nintendo 3DS (3DS),Japan,SEP,2019,40
Nintendo,Nintendo 3DS (3DS),Japan,SEP,2020,10
Nintendo,Nintendo 3DS (3DS),North America,DEC,2013,860
Nintendo,Nintendo 3DS (3DS),North America,DEC,2014,580
Nintendo,Nintendo 3DS (3DS),North America,DEC,2015,500
Nintendo,Nintendo 3DS (3DS),North America,DEC,2016,400
Nintendo,Nintendo 3DS (3DS),North America,DEC,2017,620
Nintendo,Nintendo 3DS (3DS),North America,DEC,2018,280
Nintendo,Nintendo 3DS (3DS),North America,DEC,2019,80
Nintendo,Nintendo 3DS (3DS),North America,DEC,2020,70
Nintendo,Nintendo 3DS (3DS),North America,JUN,2013,580
Nintendo,Nintendo 3DS (3DS),North America,JUN,2014,420
Nintendo,Nintendo 3DS (3DS),North America,JUN,2015,680
Nintendo,Nintendo 3DS (3DS),North America,JUN,2016,440
Nintendo,Nintendo 3DS (3DS),North America,JUN,2017,250
Nintendo,Nintendo 3DS (3DS),North America,JUN,2018,460
Nintendo,Nintendo 3DS (3DS),North America,JUN,2019,260
Nintendo,Nintendo 3DS (3DS),North America,JUN,2020,90
Nintendo,Nintendo 3DS (3DS),North America,MAR,2013,1410
Nintendo,Nintendo 3DS (3DS),North America,MAR,2014,2130
Nintendo,Nintendo 3DS (3DS),North America,MAR,2015,1480
Nintendo,Nintendo 3DS (3DS),North America,MAR,2016,1030
Nintendo,Nintendo 3DS (3DS),North America,MAR,2017,1260
Nintendo,Nintendo 3DS (3DS),North America,MAR,2018,1320
Nintendo,Nintendo 3DS (3DS),North America,MAR,2019,630
Nintendo,Nintendo 3DS (3DS),North America,MAR,2020,110
Nintendo,Nintendo 3DS (3DS),North America,SEP,2013,640
Nintendo,Nintendo 3DS (3DS),North America,SEP,2014,400
Nintendo,Nintendo 3DS (3DS),North America,SEP,2015,260
Nintendo,Nintendo 3DS (3DS),North America,SEP,2016,110
Nintendo,Nintendo 3DS (3DS),North America,SEP,2017,280
Nintendo,Nintendo 3DS (3DS),North America,SEP,2018,210
Nintendo,Nintendo 3DS (3DS),North America,SEP,2019,80
Nintendo,Nintendo 3DS (3DS),North America,SEP,2020,350
Nintendo,Nintendo 3DS (3DS),Other,DEC,2013,170
Nintendo,Nintendo 3DS (3DS),Other,DEC,2014,0
Nintendo,Nintendo 3DS (3DS),Other,DEC,2015,110
Nintendo,Nintendo 3DS (3DS),Other,DEC,2016,0
Nintendo,Nintendo 3DS (3DS),Other,DEC,2017,60
Nintendo,Nintendo 3DS (3DS),Other,DEC,2018,50
Nintendo,Nintendo 3DS (3DS),Other,DEC,2019,0
Nintendo,Nintendo 3DS (3DS),Other,DEC,2020,0
Nintendo,Nintendo 3DS (3DS),Other,JUN,2013,70
Nintendo,Nintendo 3DS (3DS),Other,JUN,2014,210
Nintendo,Nintendo 3DS (3DS),Other,JUN,2015,140
Nintendo,Nintendo 3DS (3DS),Other,JUN,2016,110
Nintendo,Nintendo 3DS (3DS),Other,JUN,2017,0
Nintendo,Nintendo 3DS (3DS),Other,JUN,2018,40
Nintendo,Nintendo 3DS (3DS),Other,JUN,2019,0
Nintendo,Nintendo 3DS (3DS),Other,JUN,2020,10
Nintendo,Nintendo 3DS (3DS),Other,MAR,2013,310
Nintendo,Nintendo 3DS (3DS),Other,MAR,2014,390
Nintendo,Nintendo 3DS (3DS),Other,MAR,2015,300
Nintendo,Nintendo 3DS (3DS),Other,MAR,2016,190
Nintendo,Nintendo 3DS (3DS),Other,MAR,2017,0
Nintendo,Nintendo 3DS (3DS),Other,MAR,2018,320
Nintendo,Nintendo 3DS (3DS),Other,MAR,2019,100
Nintendo,Nintendo 3DS (3DS),Other,MAR,2020,0
Nintendo,Nintendo 3DS (3DS),Other,SEP,2013,130
Nintendo,Nintendo 3DS (3DS),Other,SEP,2014,0
Nintendo,Nintendo 3DS (3DS),Other,SEP,2015,50
Nintendo,Nintendo 3DS (3DS),Other,SEP,2016,0
Nintendo,Nintendo 3DS (3DS),Other,SEP,2017,0
Nintendo,Nintendo 3DS (3DS),Other,SEP,2018,30
Nintendo,Nintendo 3DS (3DS),Other,SEP,2019,0
Nintendo,Nintendo 3DS (3DS),Other,SEP,2020,70
Nintendo,Nintendo DS (DS),Europe,DEC,2013,0
Nintendo,Nintendo DS (DS),Europe,DEC,2014,0
Nintendo,Nintendo DS (DS),Europe,DEC,2015,0
Nintendo,Nintendo DS (DS),Europe,DEC,2016,0
Nintendo,Nintendo DS (DS),Europe,DEC,2017,0
Nintendo,Nintendo DS (DS),Europe,DEC,2018,0
Nintendo,Nintendo DS (DS),Europe,DEC,2019,0
Nintendo,Nintendo DS (DS),Europe,DEC,2020,0
Nintendo,Nintendo DS (DS),Europe,JUN,2013,40
Nintendo,Nintendo DS (DS),Europe,JUN,2014,0
Nintendo,Nintendo DS (DS),Europe,JUN,2015,0
Nintendo,Nintendo DS (DS),Europe,JUN,2016,0
Nintendo,Nintendo DS (DS),Europe,JUN,2017,0
Nintendo,Nintendo DS (DS),Europe,JUN,2018,0
Nintendo,Nintendo DS (DS),Europe,JUN,2019,0
Nintendo,Nintendo DS (DS),Europe,JUN,2020,0
Nintendo,Nintendo DS (DS),Europe,MAR,2013,250
Nintendo,Nintendo DS (DS),Europe,MAR,2014,0
Nintendo,Nintendo DS (DS),Europe,MAR,2015,0
Nintendo,Nintendo DS (DS),Europe,MAR,2016,0
Nintendo,Nintendo DS (DS),Europe,MAR,2017,0
Nintendo,Nintendo DS (DS),Europe,MAR,2018,0
Nintendo,Nintendo DS (DS),Europe,MAR,2019,0
Nintendo,Nintendo DS (DS),Europe,MAR,2020,0
Nintendo,Nintendo DS (DS),Europe,SEP,2013,0
Nintendo,Nintendo DS (DS),Europe,SEP,2014,0
Nintendo,Nintendo DS (DS),Europe,SEP,2015,0
Nintendo,Nintendo DS (DS),Europe,SEP,2016,0
Nintendo,Nintendo DS (DS),Europe,SEP,2017,0
Nintendo,Nintendo DS (DS),Europe,SEP,2018,0
Nintendo,Nintendo DS (DS),Europe,SEP,2019,0
Nintendo,Nintendo DS (DS),Europe,SEP,2020,0
Nintendo,Nintendo DS (DS),Japan,DEC,2013,0
Nintendo,Nintendo DS (DS),Japan,DEC,2014,0
Nintendo,Nintendo DS (DS),Japan,DEC,2015,0
Nintendo,Nintendo DS (DS),Japan,DEC,2016,0
Nintendo,Nintendo DS (DS),Japan,DEC,2017,0
Nintendo,Nintendo DS (DS),Japan,DEC,2018,0
Nintendo,Nintendo DS (DS),Japan,DEC,2019,0
Nintendo,Nintendo DS (DS),Japan,DEC,2020,0
Nintendo,Nintendo DS (DS),Japan,JUN,2013,0
Nintendo,Nintendo DS (DS),Japan,JUN,2014,0
Nintendo,Nintendo DS (DS),Japan,JUN,2015,0
Nintendo,Nintendo DS (DS),Japan,JUN,2016,0
Nintendo,Nintendo DS (DS),Japan,JUN,2017,0
Nintendo,Nintendo DS (DS),Japan,JUN,2018,0
Nintendo,Nintendo DS (DS),Japan,JUN,2019,0
Nintendo,Nintendo DS (DS),Japan,JUN,2020,0
Nintendo,Nintendo DS (DS),Japan,MAR,2013,0
Nintendo,Nintendo DS (DS),Japan,MAR,2014,0
Nintendo,Nintendo DS (DS),Japan,MAR,2015,0
Nintendo,Nintendo DS (DS),Japan,MAR,2016,0
Nintendo,Nintendo DS (DS),Japan,MAR,2017,0
Nintendo,Nintendo DS (DS),Japan,MAR,2018,0
Nintendo,Nintendo DS (DS),Japan,MAR,2019,0
Nintendo,Nintendo DS (DS),Japan,MAR,2020,0
Nintendo,Nintendo DS (DS),Japan,SEP,2013,0
Nintendo,Nintendo DS (DS),Japan,SEP,2014,0
Nintendo,Nintendo DS (DS),Japan,SEP,2015,0
Nintendo,Nintendo DS (DS),Japan,SEP,2016,0
Nintendo,Nintendo DS (DS),Japan,SEP,2017,0
Nintendo,Nintendo DS (DS),Japan,SEP,2018,0
Nintendo,Nintendo DS (DS),Japan,SEP,2019,0
Nintendo,Nintendo DS (DS),Japan,SEP,2020,0
Nintendo,Nintendo DS (DS),North America,DEC,2013,50
Nintendo,Nintendo DS (DS),North America,DEC,2014,0
Nintendo,Nintendo DS (DS),North America,DEC,2015,0
Nintendo,Nintendo DS (DS),North America,DEC,2016,0
Nintendo,Nintendo DS (DS),North America,DEC,2017,20
Nintendo,Nintendo DS (DS),North America,DEC,2018,0
Nintendo,Nintendo DS (DS),North America,DEC,2019,0
Nintendo,Nintendo DS (DS),North America,DEC,2020,0
Nintendo,Nintendo DS (DS),North America,JUN,2013,170
Nintendo,Nintendo DS (DS),North America,JUN,2014,0
Nintendo,Nintendo DS (DS),North America,JUN,2015,0
Nintendo,Nintendo DS (DS),North America,JUN,2016,0
Nintendo,Nintendo DS (DS),North America,JUN,2017,0
Nintendo,Nintendo DS (DS),North America,JUN,2018,0
Nintendo,Nintendo DS (DS),North America,JUN,2019,0
Nintendo,Nintendo DS (DS),North America,JUN,2020,0
Nintendo,Nintendo DS (DS),North America,MAR,2013,470
Nintendo,Nintendo DS (DS),North America,MAR,2014,70
Nintendo,Nintendo DS (DS),North America,MAR,2015,0
Nintendo,Nintendo DS (DS),North America,MAR,2016,0
Nintendo,Nintendo DS (DS),North America,MAR,2017,0
Nintendo,Nintendo DS (DS),North America,MAR,2018,0
Nintendo,Nintendo DS (DS),North America,MAR,2019,0
Nintendo,Nintendo DS (DS),North America,MAR,2020,0
Nintendo,Nintendo DS (DS),North America,SEP,2013,140
Nintendo,Nintendo DS (DS),North America,SEP,2014,0
Nintendo,Nintendo DS (DS),North America,SEP,2015,0
Nintendo,Nintendo DS (DS),North America,SEP,2016,0
Nintendo,Nintendo DS (DS),North America,SEP,2017,0
Nintendo,Nintendo DS (DS),North America,SEP,2018,0
Nintendo,Nintendo DS (DS),North America,SEP,2019,0
Nintendo,Nintendo DS (DS),North America,SEP,2020,0
Nintendo,Nintendo DS (DS),Other,DEC,2013,0
Nintendo,Nintendo DS (DS),Other,DEC,2014,0
Nintendo,Nintendo DS (DS),Other,DEC,2015,0
Nintendo,Nintendo DS (DS),Other,DEC,2016,0
Nintendo,Nintendo DS (DS),Other,DEC,2017,0
Nintendo,Nintendo DS (DS),Other,DEC,2018,0
Nintendo,Nintendo DS (DS),Other,DEC,2019,0
Nintendo,Nintendo DS (DS),Other,DEC,2020,0
Nintendo,Nintendo DS (DS),Other,JUN,2013,0
Nintendo,Nintendo DS (DS),Other,JUN,2014,0
Nintendo,Nintendo DS (DS),Other,JUN,2015,0
Nintendo,Nintendo DS (DS),Other,JUN,2016,0
Nintendo,Nintendo DS (DS),Other,JUN,2017,0
Nintendo,Nintendo DS (DS),Other,JUN,2018,0
Nintendo,Nintendo DS (DS),Other,JUN,2019,0
Nintendo,Nintendo DS (DS),Other,JUN,2020,0
Nintendo,Nintendo DS (DS),Other,MAR,2013,0
Nintendo,Nintendo DS (DS),Other,MAR,2014,0
Nintendo,Nintendo DS (DS),Other,MAR,2015,0
Nintendo,Nintendo DS (DS),Other,MAR,2016,0
Nintendo,Nintendo DS (DS),Other,MAR,2017,0
Nintendo,Nintendo DS (DS),Other,MAR,2018,0
Nintendo,Nintendo DS (DS),Other,MAR,2019,0
Nintendo,Nintendo DS (DS),Other,MAR,2020,0
Nintendo,Nintendo DS (DS),Other,SEP,2013,0
Nintendo,Nintendo DS (DS),Other,SEP,2014,0
Nintendo,Nintendo DS (DS),Other,SEP,2015,0
Nintendo,Nintendo DS (DS),Other,SEP,2016,0
Nintendo,Nintendo DS (DS),Other,SEP,2017,0
Nintendo,Nintendo DS (DS),Other,SEP,2018,0
Nintendo,Nintendo DS (DS),Other,SEP,2019,0
Nintendo,Nintendo DS (DS),Other,SEP,2020,0
Nintendo,Nintendo Switch (NS),Europe,DEC,2013,0
Nintendo,Nintendo Switch (NS),Europe,DEC,2014,0
Nintendo,Nintendo Switch (NS),Europe,DEC,2015,0
Nintendo,Nintendo Switch (NS),Europe,DEC,2016,0
Nintendo,Nintendo Switch (NS),Europe,DEC,2017,680
Nintendo,Nintendo Switch (NS),Europe,DEC,2018,790
Nintendo,Nintendo Switch (NS),Europe,DEC,2019,1600
Nintendo,Nintendo Switch (NS),Europe,DEC,2020,1740
Nintendo,Nintendo Switch (NS),Europe,JUN,2013,0
Nintendo,Nintendo Switch (NS),Europe,JUN,2014,0
Nintendo,Nintendo Switch (NS),Europe,JUN,2015,0
Nintendo,Nintendo Switch (NS),Europe,JUN,2016,0
Nintendo,Nintendo Switch (NS),Europe,JUN,2017,840
Nintendo,Nintendo Switch (NS),Europe,JUN,2018,770
Nintendo,Nintendo Switch (NS),Europe,JUN,2019,860
Nintendo,Nintendo Switch (NS),Europe,JUN,2020,970
Nintendo,Nintendo Switch (NS),Europe,MAR,2013,0
Nintendo,Nintendo Switch (NS),Europe,MAR,2014,0
Nintendo,Nintendo Switch (NS),Europe,MAR,2015,0
Nintendo,Nintendo Switch (NS),Europe,MAR,2016,0
Nintendo,Nintendo Switch (NS),Europe,MAR,2017,0
Nintendo,Nintendo Switch (NS),Europe,MAR,2018,1790
Nintendo,Nintendo Switch (NS),Europe,MAR,2019,2280
Nintendo,Nintendo Switch (NS),Europe,MAR,2020,2450
Nintendo,Nintendo Switch (NS),Europe,SEP,2013,0
Nintendo,Nintendo Switch (NS),Europe,SEP,2014,0
Nintendo,Nintendo Switch (NS),Europe,SEP,2015,0
Nintendo,Nintendo Switch (NS),Europe,SEP,2016,0
Nintendo,Nintendo Switch (NS),Europe,SEP,2017,490
Nintendo,Nintendo Switch (NS),Europe,SEP,2018,600
Nintendo,Nintendo Switch (NS),Europe,SEP,2019,660
Nintendo,Nintendo Switch (NS),Europe,SEP,2020,1920
Nintendo,Nintendo Switch (NS),Japan,DEC,2013,0
Nintendo,Nintendo Switch (NS),Japan,DEC,2014,0
Nintendo,Nintendo Switch (NS),Japan,DEC,2015,0
Nintendo,Nintendo Switch (NS),Japan,DEC,2016,0
Nintendo,Nintendo Switch (NS),Japan,DEC,2017,950
Nintendo,Nintendo Switch (NS),Japan,DEC,2018,630
Nintendo,Nintendo Switch (NS),Japan,DEC,2019,1780
Nintendo,Nintendo Switch (NS),Japan,DEC,2020,1260
Nintendo,Nintendo Switch (NS),Japan,JUN,2013,0
Nintendo,Nintendo Switch (NS),Japan,JUN,2014,0
Nintendo,Nintendo Switch (NS),Japan,JUN,2015,0
Nintendo,Nintendo Switch (NS),Japan,JUN,2016,0
Nintendo,Nintendo Switch (NS),Japan,JUN,2017,650
Nintendo,Nintendo Switch (NS),Japan,JUN,2018,620
Nintendo,Nintendo Switch (NS),Japan,JUN,2019,1040
Nintendo,Nintendo Switch (NS),Japan,JUN,2020,1240
Nintendo,Nintendo Switch (NS),Japan,MAR,2013,0
Nintendo,Nintendo Switch (NS),Japan,MAR,2014,0
Nintendo,Nintendo Switch (NS),Japan,MAR,2015,0
Nintendo,Nintendo Switch (NS),Japan,MAR,2016,0
Nintendo,Nintendo Switch (NS),Japan,MAR,2017,0
Nintendo,Nintendo Switch (NS),Japan,MAR,2018,1640
Nintendo,Nintendo Switch (NS),Japan,MAR,2019,1650
Nintendo,Nintendo Switch (NS),Japan,MAR,2020,1770
Nintendo,Nintendo Switch (NS),Japan,SEP,2013,0
Nintendo,Nintendo Switch (NS),Japan,SEP,2014,0
Nintendo,Nintendo Switch (NS),Japan,SEP,2015,0
Nintendo,Nintendo Switch (NS),Japan,SEP,2016,0
Nintendo,Nintendo Switch (NS),Japan,SEP,2017,420
Nintendo,Nintendo Switch (NS),Japan,SEP,2018,500
Nintendo,Nintendo Switch (NS),Japan,SEP,2019,600
Nintendo,Nintendo Switch (NS),Japan,SEP,2020,1520
Nintendo,Nintendo Switch (NS),North America,DEC,2013,0
Nintendo,Nintendo Switch (NS),North America,DEC,2014,0
Nintendo,Nintendo Switch (NS),North America,DEC,2015,0
Nintendo,Nintendo Switch (NS),North America,DEC,2016,0
Nintendo,Nintendo Switch (NS),North America,DEC,2017,1090
Nintendo,Nintendo Switch (NS),North America,DEC,2018,880
Nintendo,Nintendo Switch (NS),North America,DEC,2019,2090
Nintendo,Nintendo Switch (NS),North America,DEC,2020,2550
Nintendo,Nintendo Switch (NS),North America,JUN,2013,0
Nintendo,Nintendo Switch (NS),North America,JUN,2014,0
Nintendo,Nintendo Switch (NS),North America,JUN,2015,0
Nintendo,Nintendo Switch (NS),North America,JUN,2016,0
Nintendo,Nintendo Switch (NS),North America,JUN,2017,1150
Nintendo,Nintendo Switch (NS),North America,JUN,2018,950
Nintendo,Nintendo Switch (NS),North America,JUN,2019,1410
Nintendo,Nintendo Switch (NS),North America,JUN,2020,2510
Nintendo,Nintendo Switch (NS),North America,MAR,2013,0
Nintendo,Nintendo Switch (NS),North America,MAR,2014,0
Nintendo,Nintendo Switch (NS),North America,MAR,2015,0
Nintendo,Nintendo Switch (NS),North America,MAR,2016,0
Nintendo,Nintendo Switch (NS),North America,MAR,2017,0
Nintendo,Nintendo Switch (NS),North America,MAR,2018,2690
Nintendo,Nintendo Switch (NS),North America,MAR,2019,3350
Nintendo,Nintendo Switch (NS),North America,MAR,2020,3210
Nintendo,Nintendo Switch (NS),North America,SEP,2013,0
Nintendo,Nintendo Switch (NS),North America,SEP,2014,0
Nintendo,Nintendo Switch (NS),North America,SEP,2015,0
Nintendo,Nintendo Switch (NS),North America,SEP,2016,0
Nintendo,Nintendo Switch (NS),North America,SEP,2017,740
Nintendo,Nintendo Switch (NS),North America,SEP,2018,730
Nintendo,Nintendo Switch (NS),North America,SEP,2019,990
Nintendo,Nintendo Switch (NS),North America,SEP,2020,1470
Nintendo,Nintendo Switch (NS),Other,DEC,2013,0
Nintendo,Nintendo Switch (NS),Other,DEC,2014,0
Nintendo,Nintendo Switch (NS),Other,DEC,2015,0
Nintendo,Nintendo Switch (NS),Other,DEC,2016,0
Nintendo,Nintendo Switch (NS),Other,DEC,2017,360
Nintendo,Nintendo Switch (NS),Other,DEC,2018,380
Nintendo,Nintendo Switch (NS),Other,DEC,2019,750
Nintendo,Nintendo Switch (NS),Other,DEC,2020,900
Nintendo,Nintendo Switch (NS),Other,JUN,2013,0
Nintendo,Nintendo Switch (NS),Other,JUN,2014,0
Nintendo,Nintendo Switch (NS),Other,JUN,2015,0
Nintendo,Nintendo Switch (NS),Other,JUN,2016,0
Nintendo,Nintendo Switch (NS),Other,JUN,2017,240
Nintendo,Nintendo Switch (NS),Other,JUN,2018,410
Nintendo,Nintendo Switch (NS),Other,JUN,2019,300
Nintendo,Nintendo Switch (NS),Other,JUN,2020,840
Nintendo,Nintendo Switch (NS),Other,MAR,2013,0
Nintendo,Nintendo Switch (NS),Other,MAR,2014,0
Nintendo,Nintendo Switch (NS),Other,MAR,2015,0
Nintendo,Nintendo Switch (NS),Other,MAR,2016,0
Nintendo,Nintendo Switch (NS),Other,MAR,2017,0
Nintendo,Nintendo Switch (NS),Other,MAR,2018,430
Nintendo,Nintendo Switch (NS),Other,MAR,2019,1240
Nintendo,Nintendo Switch (NS),Other,MAR,2020,1400
Nintendo,Nintendo Switch (NS),Other,SEP,2013,0
Nintendo,Nintendo Switch (NS),Other,SEP,2014,0
Nintendo,Nintendo Switch (NS),Other,SEP,2015,0
Nintendo,Nintendo Switch (NS),Other,SEP,2016,0
Nintendo,Nintendo Switch (NS),Other,SEP,2017,300
Nintendo,Nintendo Switch (NS),Other,SEP,2018,300
Nintendo,Nintendo Switch (NS),Other,SEP,2019,380
Nintendo,Nintendo Switch (NS),Other,SEP,2020,1110
Nintendo,Wii (Wii),Europe,DEC,2013,140
Nintendo,Wii (Wii),Europe,DEC,2014,0
Nintendo,Wii (Wii),Europe,DEC,2015,0
Nintendo,Wii (Wii),Europe,DEC,2016,0
Nintendo,Wii (Wii),Europe,DEC,2017,130
Nintendo,Wii (Wii),Europe,DEC,2018,0
Nintendo,Wii (Wii),Europe,DEC,2019,0
Nintendo,Wii (Wii),Europe,DEC,2020,0
Nintendo,Wii (Wii),Europe,JUN,2013,510
Nintendo,Wii (Wii),Europe,JUN,2014,0
Nintendo,Wii (Wii),Europe,JUN,2015,0
Nintendo,Wii (Wii),Europe,JUN,2016,0
Nintendo,Wii (Wii),Europe,JUN,2017,0
Nintendo,Wii (Wii),Europe,JUN,2018,0
Nintendo,Wii (Wii),Europe,JUN,2019,0
Nintendo,Wii (Wii),Europe,JUN,2020,0
Nintendo,Wii (Wii),Europe,MAR,2013,410
Nintendo,Wii (Wii),Europe,MAR,2014,280
Nintendo,Wii (Wii),Europe,MAR,2015,0
Nintendo,Wii (Wii),Europe,MAR,2016,0
Nintendo,Wii (Wii),Europe,MAR,2017,0
Nintendo,Wii (Wii),Europe,MAR,2018,0
Nintendo,Wii (Wii),Europe,MAR,2019,0
Nintendo,Wii (Wii),Europe,MAR,2020,0
Nintendo,Wii (Wii),Europe,SEP,2013,150
Nintendo,Wii (Wii),Europe,SEP,2014,0
Nintendo,Wii (Wii),Europe,SEP,2015,0
Nintendo,Wii (Wii),Europe,SEP,2016,0
Nintendo,Wii (Wii),Europe,SEP,2017,0
Nintendo,Wii (Wii),Europe,SEP,2018,0
Nintendo,Wii (Wii),Europe,SEP,2019,0
Nintendo,Wii (Wii),Europe,SEP,2020,0
Nintendo,Wii (Wii),Japan,DEC,2013,10
Nintendo,Wii (Wii),Japan,DEC,2014,10
Nintendo,Wii (Wii),Japan,DEC,2015,0
Nintendo,Wii (Wii),Japan,DEC,2016,0
Nintendo,Wii (Wii),Japan,DEC,2017,0
Nintendo,Wii (Wii),Japan,DEC,2018,0
Nintendo,Wii (Wii),Japan,DEC,2019,0
Nintendo,Wii (Wii),Japan,DEC,2020,0
Nintendo,Wii (Wii),Japan,JUN,2013,20
Nintendo,Wii (Wii),Japan,JUN,2014,0
Nintendo,Wii (Wii),Japan,JUN,2015,0
Nintendo,Wii (Wii),Japan,JUN,2016,0
Nintendo,Wii (Wii),Japan,JUN,2017,0
Nintendo,Wii (Wii),Japan,JUN,2018,0
Nintendo,Wii (Wii),Japan,JUN,2019,0
Nintendo,Wii (Wii),Japan,JUN,2020,0
Nintendo,Wii (Wii),Japan,MAR,2013,50
Nintendo,Wii (Wii),Japan,MAR,2014,10
Nintendo,Wii (Wii),Japan,MAR,2015,0
Nintendo,Wii (Wii),Japan,MAR,2016,0
Nintendo,Wii (Wii),Japan,MAR,2017,0
Nintendo,Wii (Wii),Japan,MAR,2018,0
Nintendo,Wii (Wii),Japan,MAR,2019,0
Nintendo,Wii (Wii),Japan,MAR,2020,0
Nintendo,Wii (Wii),Japan,SEP,2013,20
Nintendo,Wii (Wii),Japan,SEP,2014,0
Nintendo,Wii (Wii),Japan,SEP,2015,0
Nintendo,Wii (Wii),Japan,SEP,2016,0
Nintendo,Wii (Wii),Japan,SEP,2017,0
Nintendo,Wii (Wii),Japan,SEP,2018,0
Nintendo,Wii (Wii),Japan,SEP,2019,0
Nintendo,Wii (Wii),Japan,SEP,2020,0
Nintendo,Wii (Wii),North America,DEC,2013,120
Nintendo,Wii (Wii),North America,DEC,2014,60
Nintendo,Wii (Wii),North America,DEC,2015,10
Nintendo,Wii (Wii),North America,DEC,2016,0
Nintendo,Wii (Wii),North America,DEC,2017,130
Nintendo,Wii (Wii),North America,DEC,2018,0
Nintendo,Wii (Wii),North America,DEC,2019,0
Nintendo,Wii (Wii),North America,DEC,2020,0
Nintendo,Wii (Wii),North America,JUN,2013,180
Nintendo,Wii (Wii),North America,JUN,2014,60
Nintendo,Wii (Wii),North America,JUN,2015,0
Nintendo,Wii (Wii),North America,JUN,2016,0
Nintendo,Wii (Wii),North America,JUN,2017,0
Nintendo,Wii (Wii),North America,JUN,2018,0
Nintendo,Wii (Wii),North America,JUN,2019,0
Nintendo,Wii (Wii),North America,JUN,2020,0
Nintendo,Wii (Wii),North America,MAR,2013,560
Nintendo,Wii (Wii),North America,MAR,2014,210
Nintendo,Wii (Wii),North America,MAR,2015,50
Nintendo,Wii (Wii),North America,MAR,2016,0
Nintendo,Wii (Wii),North America,MAR,2017,0
Nintendo,Wii (Wii),North America,MAR,2018,0
Nintendo,Wii (Wii),North America,MAR,2019,0
Nintendo,Wii (Wii),North America,MAR,2020,0
Nintendo,Wii (Wii),North America,SEP,2013,160
Nintendo,Wii (Wii),North America,SEP,2014,40
Nintendo,Wii (Wii),North America,SEP,2015,0
Nintendo,Wii (Wii),North America,SEP,2016,0
Nintendo,Wii (Wii),North America,SEP,2017,0
Nintendo,Wii (Wii),North America,SEP,2018,0
Nintendo,Wii (Wii),North America,SEP,2019,0
Nintendo,Wii (Wii),North America,SEP,2020,0
Nintendo,Wii (Wii),Other,DEC,2013,0
Nintendo,Wii (Wii),Other,DEC,2014,0
Nintendo,Wii (Wii),Other,DEC,2015,0
Nintendo,Wii (Wii),Other,DEC,2016,0
Nintendo,Wii (Wii),Other,DEC,2017,200
Nintendo,Wii (Wii),Other,DEC,2018,0
Nintendo,Wii (Wii),Other,DEC,2019,0
Nintendo,Wii (Wii),Other,DEC,2020,0
Nintendo,Wii (Wii),Other,JUN,2013,30
Nintendo,Wii (Wii),Other,JUN,2014,0
Nintendo,Wii (Wii),Other,JUN,2015,0
Nintendo,Wii (Wii),Other,JUN,2016,0
Nintendo,Wii (Wii),Other,JUN,2017,0
Nintendo,Wii (Wii),Other,JUN,2018,0
Nintendo,Wii (Wii),Other,JUN,2019,0
Nintendo,Wii (Wii),Other,JUN,2020,0
Nintendo,Wii (Wii),Other,MAR,2013,40
Nintendo,Wii (Wii),Other,MAR,2014,0
Nintendo,Wii (Wii),Other,MAR,2015,0
Nintendo,Wii (Wii),Other,MAR,2016,0
Nintendo,Wii (Wii),Other,MAR,2017,0
Nintendo,Wii (Wii),Other,MAR,2018,0
Nintendo,Wii (Wii),Other,MAR,2019,0
Nintendo,Wii (Wii),Other,MAR,2020,0
Nintendo,Wii (Wii),Other,SEP,2013,0
Nintendo,Wii (Wii),Other,SEP,2014,0
Nintendo,Wii (Wii),Other,SEP,2015,0
Nintendo,Wii (Wii),Other,SEP,2016,0
Nintendo,Wii (Wii),Other,SEP,2017,0
Nintendo,Wii (Wii),Other,SEP,2018,0
Nintendo,Wii (Wii),Other,SEP,2019,0
Nintendo,Wii (Wii),Other,SEP,2020,0
Nintendo,Wii U (WiiU),Europe,DEC,2013,130
Nintendo,Wii U (WiiU),Europe,DEC,2014,100
Nintendo,Wii U (WiiU),Europe,DEC,2015,190
Nintendo,Wii U (WiiU),Europe,DEC,2016,90
Nintendo,Wii U (WiiU),Europe,DEC,2017,10
Nintendo,Wii U (WiiU),Europe,DEC,2018,0
Nintendo,Wii U (WiiU),Europe,DEC,2019,0
Nintendo,Wii U (WiiU),Europe,DEC,2020,0
Nintendo,Wii U (WiiU),Europe,JUN,2013,90
Nintendo,Wii U (WiiU),Europe,JUN,2014,110
Nintendo,Wii U (WiiU),Europe,JUN,2015,110
Nintendo,Wii U (WiiU),Europe,JUN,2016,180
Nintendo,Wii U (WiiU),Europe,JUN,2017,30
Nintendo,Wii U (WiiU),Europe,JUN,2018,0
Nintendo,Wii U (WiiU),Europe,JUN,2019,0
Nintendo,Wii U (WiiU),Europe,JUN,2020,0
Nintendo,Wii U (WiiU),Europe,MAR,2013,290
Nintendo,Wii U (WiiU),Europe,MAR,2014,360
Nintendo,Wii U (WiiU),Europe,MAR,2015,380
Nintendo,Wii U (WiiU),Europe,MAR,2016,460
Nintendo,Wii U (WiiU),Europe,MAR,2017,140
Nintendo,Wii U (WiiU),Europe,MAR,2018,0
Nintendo,Wii U (WiiU),Europe,MAR,2019,0
Nintendo,Wii U (WiiU),Europe,MAR,2020,0
Nintendo,Wii U (WiiU),Europe,SEP,2013,90
Nintendo,Wii U (WiiU),Europe,SEP,2014,340
Nintendo,Wii U (WiiU),Europe,SEP,2015,100
Nintendo,Wii U (WiiU),Europe,SEP,2016,40
Nintendo,Wii U (WiiU),Europe,SEP,2017,30
Nintendo,Wii U (WiiU),Europe,SEP,2018,0
Nintendo,Wii U (WiiU),Europe,SEP,2019,0
Nintendo,Wii U (WiiU),Europe,SEP,2020,0
Nintendo,Wii U (WiiU),Japan,DEC,2013,90
Nintendo,Wii U (WiiU),Japan,DEC,2014,90
Nintendo,Wii U (WiiU),Japan,DEC,2015,200
Nintendo,Wii U (WiiU),Japan,DEC,2016,30
Nintendo,Wii U (WiiU),Japan,DEC,2017,10
Nintendo,Wii U (WiiU),Japan,DEC,2018,0
Nintendo,Wii U (WiiU),Japan,DEC,2019,0
Nintendo,Wii U (WiiU),Japan,DEC,2020,0
Nintendo,Wii U (WiiU),Japan,JUN,2013,110
Nintendo,Wii U (WiiU),Japan,JUN,2014,100
Nintendo,Wii U (WiiU),Japan,JUN,2015,100
Nintendo,Wii U (WiiU),Japan,JUN,2016,80
Nintendo,Wii U (WiiU),Japan,JUN,2017,0
Nintendo,Wii U (WiiU),Japan,JUN,2018,0
Nintendo,Wii U (WiiU),Japan,JUN,2019,0
Nintendo,Wii U (WiiU),Japan,JUN,2020,0
Nintendo,Wii U (WiiU),Japan,MAR,2013,510
Nintendo,Wii U (WiiU),Japan,MAR,2014,500
Nintendo,Wii U (WiiU),Japan,MAR,2015,240
Nintendo,Wii U (WiiU),Japan,MAR,2016,410
Nintendo,Wii U (WiiU),Japan,MAR,2017,50
Nintendo,Wii U (WiiU),Japan,MAR,2018,0
Nintendo,Wii U (WiiU),Japan,MAR,2019,0
Nintendo,Wii U (WiiU),Japan,MAR,2020,0
Nintendo,Wii U (WiiU),Japan,SEP,2013,130
Nintendo,Wii U (WiiU),Japan,SEP,2014,140
Nintendo,Wii U (WiiU),Japan,SEP,2015,150
Nintendo,Wii U (WiiU),Japan,SEP,2016,80
Nintendo,Wii U (WiiU),Japan,SEP,2017,0
Nintendo,Wii U (WiiU),Japan,SEP,2018,0
Nintendo,Wii U (WiiU),Japan,SEP,2019,0
Nintendo,Wii U (WiiU),Japan,SEP,2020,0
Nintendo,Wii U (WiiU),North America,DEC,2013,190
Nintendo,Wii U (WiiU),North America,DEC,2014,330
Nintendo,Wii U (WiiU),North America,DEC,2015,280
Nintendo,Wii U (WiiU),North America,DEC,2016,80
Nintendo,Wii U (WiiU),North America,DEC,2017,0
Nintendo,Wii U (WiiU),North America,DEC,2018,0
Nintendo,Wii U (WiiU),North America,DEC,2019,0
Nintendo,Wii U (WiiU),North America,DEC,2020,0
Nintendo,Wii U (WiiU),North America,JUN,2013,130
Nintendo,Wii U (WiiU),North America,JUN,2014,190
Nintendo,Wii U (WiiU),North America,JUN,2015,220
Nintendo,Wii U (WiiU),North America,JUN,2016,160
Nintendo,Wii U (WiiU),North America,JUN,2017,20
Nintendo,Wii U (WiiU),North America,JUN,2018,0
Nintendo,Wii U (WiiU),North America,JUN,2019,0
Nintendo,Wii U (WiiU),North America,JUN,2020,0
Nintendo,Wii U (WiiU),North America,MAR,2013,410
Nintendo,Wii U (WiiU),North America,MAR,2014,850
Nintendo,Wii U (WiiU),North America,MAR,2015,910
Nintendo,Wii U (WiiU),North America,MAR,2016,830
Nintendo,Wii U (WiiU),North America,MAR,2017,90
Nintendo,Wii U (WiiU),North America,MAR,2018,0
Nintendo,Wii U (WiiU),North America,MAR,2019,0
Nintendo,Wii U (WiiU),North America,MAR,2020,0
Nintendo,Wii U (WiiU),North America,SEP,2013,140
Nintendo,Wii U (WiiU),North America,SEP,2014,360
Nintendo,Wii U (WiiU),North America,SEP,2015,160
Nintendo,Wii U (WiiU),North America,SEP,2016,100
Nintendo,Wii U (WiiU),North America,SEP,2017,10
Nintendo,Wii U (WiiU),North America,SEP,2018,0
Nintendo,Wii U (WiiU),North America,SEP,2019,0
Nintendo,Wii U (WiiU),North America,SEP,2020,0
Nintendo,Wii U (WiiU),Other,DEC,2013,30
Nintendo,Wii U (WiiU),Other,DEC,2014,20
Nintendo,Wii U (WiiU),Other,DEC,2015,50
Nintendo,Wii U (WiiU),Other,DEC,2016,0
Nintendo,Wii U (WiiU),Other,DEC,2017,10
Nintendo,Wii U (WiiU),Other,DEC,2018,0
Nintendo,Wii U (WiiU),Other,DEC,2019,0
Nintendo,Wii U (WiiU),Other,DEC,2020,0
Nintendo,Wii U (WiiU),Other,JUN,2013,30
Nintendo,Wii U (WiiU),Other,JUN,2014,30
Nintendo,Wii U (WiiU),Other,JUN,2015,30
Nintendo,Wii U (WiiU),Other,JUN,2016,30
Nintendo,Wii U (WiiU),Other,JUN,2017,10
Nintendo,Wii U (WiiU),Other,JUN,2018,0
Nintendo,Wii U (WiiU),Other,JUN,2019,0
Nintendo,Wii U (WiiU),Other,JUN,2020,0
Nintendo,Wii U (WiiU),Other,MAR,2013,90
Nintendo,Wii U (WiiU),Other,MAR,2014,140
Nintendo,Wii U (WiiU),Other,MAR,2015,80
Nintendo,Wii U (WiiU),Other,MAR,2016,130
Nintendo,Wii U (WiiU),Other,MAR,2017,0
Nintendo,Wii U (WiiU),Other,MAR,2018,0
Nintendo,Wii U (WiiU),Other,MAR,2019,0
Nintendo,Wii U (WiiU),Other,MAR,2020,0
Nintendo,Wii U (WiiU),Other,SEP,2013,30
Nintendo,Wii U (WiiU),Other,SEP,2014,40
Nintendo,Wii U (WiiU),Other,SEP,2015,30
Nintendo,Wii U (WiiU),Other,SEP,2016,0
Nintendo,Wii U (WiiU),Other,SEP,2017,0
Nintendo,Wii U (WiiU),Other,SEP,2018,0
Nintendo,Wii U (WiiU),Other,SEP,2019,0
Nintendo,Wii U (WiiU),Other,SEP,2020,0
Sony,PlayStation 3 (PS3),Europe,DEC,2013,670
Sony,PlayStation 3 (PS3),Europe,DEC,2014,120
Sony,PlayStation 3 (PS3),Europe,DEC,2015,120
Sony,PlayStation 3 (PS3),Europe,DEC,2016,40
Sony,PlayStation 3 (PS3),Europe,DEC,2017,10
Sony,PlayStation 3 (PS3),Europe,DEC,2018,0
Sony,PlayStation 3 (PS3),Europe,DEC,2019,0
Sony,PlayStation 3 (PS3),Europe,DEC,2020,0
Sony,PlayStation 3 (PS3),Europe,JUN,2013,2010
Sony,PlayStation 3 (PS3),Europe,JUN,2014,0
Sony,PlayStation 3 (PS3),Europe,JUN,2015,180
Sony,PlayStation 3 (PS3),Europe,JUN,2016,50
Sony,PlayStation 3 (PS3),Europe,JUN,2017,20
Sony,PlayStation 3 (PS3),Europe,JUN,2018,0
Sony,PlayStation 3 (PS3),Europe,JUN,2019,440
Sony,PlayStation 3 (PS3),Europe,JUN,2020,0
Sony,PlayStation 3 (PS3),Europe,MAR,2013,1330
Sony,PlayStation 3 (PS3),Europe,MAR,2014,720
Sony,PlayStation 3 (PS3),Europe,MAR,2015,730
Sony,PlayStation 3 (PS3),Europe,MAR,2016,110
Sony,PlayStation 3 (PS3),Europe,MAR,2017,60
Sony,PlayStation 3 (PS3),Europe,MAR,2018,0
Sony,PlayStation 3 (PS3),Europe,MAR,2019,0
Sony,PlayStation 3 (PS3),Europe,MAR,2020,0
Sony,PlayStation 3 (PS3),Europe,SEP,2013,700
Sony,PlayStation 3 (PS3),Europe,SEP,2014,0
Sony,PlayStation 3 (PS3),Europe,SEP,2015,70
Sony,PlayStation 3 (PS3),Europe,SEP,2016,50
Sony,PlayStation 3 (PS3),Europe,SEP,2017,10
Sony,PlayStation 3 (PS3),Europe,SEP,2018,0
Sony,PlayStation 3 (PS3),Europe,SEP,2019,0
Sony,PlayStation 3 (PS3),Europe,SEP,2020,0
Sony,PlayStation 3 (PS3),Japan,DEC,2013,110
Sony,PlayStation 3 (PS3),Japan,DEC,2014,70
Sony,PlayStation 3 (PS3),Japan,DEC,2015,40
Sony,PlayStation 3 (PS3),Japan,DEC,2016,10
Sony,PlayStation 3 (PS3),Japan,DEC,2017,0
Sony,PlayStation 3 (PS3),Japan,DEC,2018,0
Sony,PlayStation 3 (PS3),Japan,DEC,2019,0
Sony,PlayStation 3 (PS3),Japan,DEC,2020,0
Sony,PlayStation 3 (PS3),Japan,JUN,2013,180
Sony,PlayStation 3 (PS3),Japan,JUN,2014,140
Sony,PlayStation 3 (PS3),Japan,JUN,2015,60
Sony,PlayStation 3 (PS3),Japan,JUN,2016,20
Sony,PlayStation 3 (PS3),Japan,JUN,2017,10
Sony,PlayStation 3 (PS3),Japan,JUN,2018,0
Sony,PlayStation 3 (PS3),Japan,JUN,2019,0
Sony,PlayStation 3 (PS3),Japan,JUN,2020,0
Sony,PlayStation 3 (PS3),Japan,MAR,2013,380
Sony,PlayStation 3 (PS3),Japan,MAR,2014,260
Sony,PlayStation 3 (PS3),Japan,MAR,2015,100
Sony,PlayStation 3 (PS3),Japan,MAR,2016,20
Sony,PlayStation 3 (PS3),Japan,MAR,2017,10
Sony,PlayStation 3 (PS3),Japan,MAR,2018,0
Sony,PlayStation 3 (PS3),Japan,MAR,2019,0
Sony,PlayStation 3 (PS3),Japan,MAR,2020,0
Sony,PlayStation 3 (PS3),Japan,SEP,2013,180
Sony,PlayStation 3 (PS3),Japan,SEP,2014,80
Sony,PlayStation 3 (PS3),Japan,SEP,2015,30
Sony,PlayStation 3 (PS3),Japan,SEP,2016,10
Sony,PlayStation 3 (PS3),Japan,SEP,2017,10
Sony,PlayStation 3 (PS3),Japan,SEP,2018,0
Sony,PlayStation 3 (PS3),Japan,SEP,2019,0
Sony,PlayStation 3 (PS3),Japan,SEP,2020,0
Sony,PlayStation 3 (PS3),North America,DEC,2013,390
Sony,PlayStation 3 (PS3),North America,DEC,2014,170
Sony,PlayStation 3 (PS3),North America,DEC,2015,30
Sony,PlayStation 3 (PS3),North America,DEC,2016,30
Sony,PlayStation 3 (PS3),North America,DEC,2017,0
Sony,PlayStation 3 (PS3),North America,DEC,2018,0
Sony,PlayStation 3 (PS3),North America,DEC,2019,0
Sony,PlayStation 3 (PS3),North America,DEC,2020,0
Sony,PlayStation 3 (PS3),North America,JUN,2013,490
Sony,PlayStation 3 (PS3),North America,JUN,2014,160
Sony,PlayStation 3 (PS3),North America,JUN,2015,100
Sony,PlayStation 3 (PS3),North America,JUN,2016,30
Sony,PlayStation 3 (PS3),North America,JUN,2017,10
Sony,PlayStation 3 (PS3),North America,JUN,2018,0
Sony,PlayStation 3 (PS3),North America,JUN,2019,0
Sony,PlayStation 3 (PS3),North America,JUN,2020,0
Sony,PlayStation 3 (PS3),North America,MAR,2013,960
Sony,PlayStation 3 (PS3),North America,MAR,2014,870
Sony,PlayStation 3 (PS3),North America,MAR,2015,290
Sony,PlayStation 3 (PS3),North America,MAR,2016,70
Sony,PlayStation 3 (PS3),North America,MAR,2017,40
Sony,PlayStation 3 (PS3),North America,MAR,2018,0
Sony,PlayStation 3 (PS3),North America,MAR,2019,0
Sony,PlayStation 3 (PS3),North America,MAR,2020,0
Sony,PlayStation 3 (PS3),North America,SEP,2013,380
Sony,PlayStation 3 (PS3),North America,SEP,2014,120
Sony,PlayStation 3 (PS3),North America,SEP,2015,20
Sony,PlayStation 3 (PS3),North America,SEP,2016,30
Sony,PlayStation 3 (PS3),North America,SEP,2017,0
Sony,PlayStation 3 (PS3),North America,SEP,2018,0
Sony,PlayStation 3 (PS3),North America,SEP,2019,0
Sony,PlayStation 3 (PS3),North America,SEP,2020,0
Sony,PlayStation 3 (PS3),Other,DEC,2013,280
Sony,PlayStation 3 (PS3),Other,DEC,2014,160
Sony,PlayStation 3 (PS3),Other,DEC,2015,60
Sony,PlayStation 3 (PS3),Other,DEC,2016,20
Sony,PlayStation 3 (PS3),Other,DEC,2017,0
Sony,PlayStation 3 (PS3),Other,DEC,2018,0
Sony,PlayStation 3 (PS3),Other,DEC,2019,0
Sony,PlayStation 3 (PS3),Other,DEC,2020,0
Sony,PlayStation 3 (PS3),Other,JUN,2013,1300
Sony,PlayStation 3 (PS3),Other,JUN,2014,0
Sony,PlayStation 3 (PS3),Other,JUN,2015,100
Sony,PlayStation 3 (PS3),Other,JUN,2016,30
Sony,PlayStation 3 (PS3),Other,JUN,2017,10
Sony,PlayStation 3 (PS3),Other,JUN,2018,0
Sony,PlayStation 3 (PS3),Other,JUN,2019,70
Sony,PlayStation 3 (PS3),Other,JUN,2020,0
Sony,PlayStation 3 (PS3),Other,MAR,2013,490
Sony,PlayStation 3 (PS3),Other,MAR,2014,120
Sony,PlayStation 3 (PS3),Other,MAR,2015,210
Sony,PlayStation 3 (PS3),Other,MAR,2016,50
Sony,PlayStation 3 (PS3),Other,MAR,2017,30
Sony,PlayStation 3 (PS3),Other,MAR,2018,0
Sony,PlayStation 3 (PS3),Other,MAR,2019,0
Sony,PlayStation 3 (PS3),Other,MAR,2020,0
Sony,PlayStation 3 (PS3),Other,SEP,2013,390
Sony,PlayStation 3 (PS3),Other,SEP,2014,360
Sony,PlayStation 3 (PS3),Other,SEP,2015,40
Sony,PlayStation 3 (PS3),Other,SEP,2016,20
Sony,PlayStation 3 (PS3),Other,SEP,2017,10
Sony,PlayStation 3 (PS3),Other,SEP,2018,0
Sony,PlayStation 3 (PS3),Other,SEP,2019,0
Sony,PlayStation 3 (PS3),Other,SEP,2020,0
Sony,PlayStation 4 (PS4),Europe,DEC,2013,0
Sony,PlayStation 4 (PS4),Europe,DEC,2014,2430
Sony,PlayStation 4 (PS4),Europe,DEC,2015,1360
Sony,PlayStation 4 (PS4),Europe,DEC,2016,1020
Sony,PlayStation 4 (PS4),Europe,DEC,2017,1760
Sony,PlayStation 4 (PS4),Europe,DEC,2018,1810
Sony,PlayStation 4 (PS4),Europe,DEC,2019,1880
Sony,PlayStation 4 (PS4),Europe,DEC,2020,560
Sony,PlayStation 4 (PS4),Europe,JUN,2013,0
Sony,PlayStation 4 (PS4),Europe,JUN,2014,650
Sony,PlayStation 4 (PS4),Europe,JUN,2015,1200
Sony,PlayStation 4 (PS4),Europe,JUN,2016,1800
Sony,PlayStation 4 (PS4),Europe,JUN,2017,1090
Sony,PlayStation 4 (PS4),Europe,JUN,2018,1650
Sony,PlayStation 4 (PS4),Europe,JUN,2019,1740
Sony,PlayStation 4 (PS4),Europe,JUN,2020,1810
Sony,PlayStation 4 (PS4),Europe,MAR,2013,0
Sony,PlayStation 4 (PS4),Europe,MAR,2014,2180
Sony,PlayStation 4 (PS4),Europe,MAR,2015,1480
Sony,PlayStation 4 (PS4),Europe,MAR,2016,3430
Sony,PlayStation 4 (PS4),Europe,MAR,2017,3330
Sony,PlayStation 4 (PS4),Europe,MAR,2018,3490
Sony,PlayStation 4 (PS4),Europe,MAR,2019,2540
Sony,PlayStation 4 (PS4),Europe,MAR,2020,1860
Sony,PlayStation 4 (PS4),Europe,SEP,2013,0
Sony,PlayStation 4 (PS4),Europe,SEP,2014,930
Sony,PlayStation 4 (PS4),Europe,SEP,2015,820
Sony,PlayStation 4 (PS4),Europe,SEP,2016,1130
Sony,PlayStation 4 (PS4),Europe,SEP,2017,1990
Sony,PlayStation 4 (PS4),Europe,SEP,2018,970
Sony,PlayStation 4 (PS4),Europe,SEP,2019,1490
Sony,PlayStation 4 (PS4),Europe,SEP,2020,1140
Sony,PlayStation 4 (PS4),Japan,DEC,2013,0
Sony,PlayStation 4 (PS4),Japan,DEC,2014,130
Sony,PlayStation 4 (PS4),Japan,DEC,2015,360
Sony,PlayStation 4 (PS4),Japan,DEC,2016,310
Sony,PlayStation 4 (PS4),Japan,DEC,2017,540
Sony,PlayStation 4 (PS4),Japan,DEC,2018,280
Sony,PlayStation 4 (PS4),Japan,DEC,2019,200
Sony,PlayStation 4 (PS4),Japan,DEC,2020,40
Sony,PlayStation 4 (PS4),Japan,JUN,2013,0
Sony,PlayStation 4 (PS4),Japan,JUN,2014,260
Sony,PlayStation 4 (PS4),Japan,JUN,2015,350
Sony,PlayStation 4 (PS4),Japan,JUN,2016,350
Sony,PlayStation 4 (PS4),Japan,JUN,2017,350
Sony,PlayStation 4 (PS4),Japan,JUN,2018,410
Sony,PlayStation 4 (PS4),Japan,JUN,2019,400
Sony,PlayStation 4 (PS4),Japan,JUN,2020,280
Sony,PlayStation 4 (PS4),Japan,MAR,2013,0
Sony,PlayStation 4 (PS4),Japan,MAR,2014,320
Sony,PlayStation 4 (PS4),Japan,MAR,2015,290
Sony,PlayStation 4 (PS4),Japan,MAR,2016,450
Sony,PlayStation 4 (PS4),Japan,MAR,2017,900
Sony,PlayStation 4 (PS4),Japan,MAR,2018,840
Sony,PlayStation 4 (PS4),Japan,MAR,2019,500
Sony,PlayStation 4 (PS4),Japan,MAR,2020,350
Sony,PlayStation 4 (PS4),Japan,SEP,2013,0
Sony,PlayStation 4 (PS4),Japan,SEP,2014,90
Sony,PlayStation 4 (PS4),Japan,SEP,2015,160
Sony,PlayStation 4 (PS4),Japan,SEP,2016,310
Sony,PlayStation 4 (PS4),Japan,SEP,2017,280
Sony,PlayStation 4 (PS4),Japan,SEP,2018,220
Sony,PlayStation 4 (PS4),Japan,SEP,2019,200
Sony,PlayStation 4 (PS4),Japan,SEP,2020,80
Sony,PlayStation 4 (PS4),North America,DEC,2013,0
Sony,PlayStation 4 (PS4),North America,DEC,2014,1540
Sony,PlayStation 4 (PS4),North America,DEC,2015,1240
Sony,PlayStation 4 (PS4),North America,DEC,2016,640
Sony,PlayStation 4 (PS4),North America,DEC,2017,930
Sony,PlayStation 4 (PS4),North America,DEC,2018,1150
Sony,PlayStation 4 (PS4),North America,DEC,2019,880
Sony,PlayStation 4 (PS4),North America,DEC,2020,420
Sony,PlayStation 4 (PS4),North America,JUN,2013,0
Sony,PlayStation 4 (PS4),North America,JUN,2014,870
Sony,PlayStation 4 (PS4),North America,JUN,2015,850
Sony,PlayStation 4 (PS4),North America,JUN,2016,740
Sony,PlayStation 4 (PS4),North America,JUN,2017,880
Sony,PlayStation 4 (PS4),North America,JUN,2018,1290
Sony,PlayStation 4 (PS4),North America,JUN,2019,1020
Sony,PlayStation 4 (PS4),North America,JUN,2020,990
Sony,PlayStation 4 (PS4),North America,MAR,2013,0
Sony,PlayStation 4 (PS4),North America,MAR,2014,2750
Sony,PlayStation 4 (PS4),North America,MAR,2015,1890
Sony,PlayStation 4 (PS4),North America,MAR,2016,3620
Sony,PlayStation 4 (PS4),North America,MAR,2017,3210
Sony,PlayStation 4 (PS4),North America,MAR,2018,3160
Sony,PlayStation 4 (PS4),North America,MAR,2019,2380
Sony,PlayStation 4 (PS4),North America,MAR,2020,1980
Sony,PlayStation 4 (PS4),North America,SEP,2013,0
Sony,PlayStation 4 (PS4),North America,SEP,2014,750
Sony,PlayStation 4 (PS4),North America,SEP,2015,720
Sony,PlayStation 4 (PS4),North America,SEP,2016,740
Sony,PlayStation 4 (PS4),North America,SEP,2017,910
Sony,PlayStation 4 (PS4),North America,SEP,2018,740
Sony,PlayStation 4 (PS4),North America,SEP,2019,760
Sony,PlayStation 4 (PS4),North America,SEP,2020,570
Sony,PlayStation 4 (PS4),Other,DEC,2013,0
Sony,PlayStation 4 (PS4),Other,DEC,2014,940
Sony,PlayStation 4 (PS4),Other,DEC,2015,640
Sony,PlayStation 4 (PS4),Other,DEC,2016,430
Sony,PlayStation 4 (PS4),Other,DEC,2017,1320
Sony,PlayStation 4 (PS4),Other,DEC,2018,780
Sony,PlayStation 4 (PS4),Other,DEC,2019,610
Sony,PlayStation 4 (PS4),Other,DEC,2020,110
Sony,PlayStation 4 (PS4),Other,JUN,2013,0
Sony,PlayStation 4 (PS4),Other,JUN,2014,190
Sony,PlayStation 4 (PS4),Other,JUN,2015,870
Sony,PlayStation 4 (PS4),Other,JUN,2016,670
Sony,PlayStation 4 (PS4),Other,JUN,2017,520
Sony,PlayStation 4 (PS4),Other,JUN,2018,630
Sony,PlayStation 4 (PS4),Other,JUN,2019,660
Sony,PlayStation 4 (PS4),Other,JUN,2020,420
Sony,PlayStation 4 (PS4),Other,MAR,2013,0
Sony,PlayStation 4 (PS4),Other,MAR,2014,600
Sony,PlayStation 4 (PS4),Other,MAR,2015,660
Sony,PlayStation 4 (PS4),Other,MAR,2016,1320
Sony,PlayStation 4 (PS4),Other,MAR,2017,1600
Sony,PlayStation 4 (PS4),Other,MAR,2018,1760
Sony,PlayStation 4 (PS4),Other,MAR,2019,1000
Sony,PlayStation 4 (PS4),Other,MAR,2020,700
Sony,PlayStation 4 (PS4),Other,SEP,2013,0
Sony,PlayStation 4 (PS4),Other,SEP,2014,460
Sony,PlayStation 4 (PS4),Other,SEP,2015,390
Sony,PlayStation 4 (PS4),Other,SEP,2016,450
Sony,PlayStation 4 (PS4),Other,SEP,2017,640
Sony,PlayStation 4 (PS4),Other,SEP,2018,340
Sony,PlayStation 4 (PS4),Other,SEP,2019,720
Sony,PlayStation 4 (PS4),Other,SEP,2020,250
Sony,PlayStation Vita (PSV),Europe,DEC,2013,230
Sony,PlayStation Vita (PSV),Europe,DEC,2014,90
Sony,PlayStation Vita (PSV),Europe,DEC,2015,240
Sony,PlayStation Vita (PSV),Europe,DEC,2016,140
Sony,PlayStation Vita (PSV),Europe,DEC,2017,40
Sony,PlayStation Vita (PSV),Europe,DEC,2018,0
Sony,PlayStation Vita (PSV),Europe,DEC,2019,0
Sony,PlayStation Vita (PSV),Europe,DEC,2020,0
Sony,PlayStation Vita (PSV),Europe,JUN,2013,330
Sony,PlayStation Vita (PSV),Europe,JUN,2014,110
Sony,PlayStation Vita (PSV),Europe,JUN,2015,150
Sony,PlayStation Vita (PSV),Europe,JUN,2016,130
Sony,PlayStation Vita (PSV),Europe,JUN,2017,60
Sony,PlayStation Vita (PSV),Europe,JUN,2018,10
Sony,PlayStation Vita (PSV),Europe,JUN,2019,0
Sony,PlayStation Vita (PSV),Europe,JUN,2020,0
Sony,PlayStation Vita (PSV),Europe,MAR,2013,170
Sony,PlayStation Vita (PSV),Europe,MAR,2014,390
Sony,PlayStation Vita (PSV),Europe,MAR,2015,170
Sony,PlayStation Vita (PSV),Europe,MAR,2016,0
Sony,PlayStation Vita (PSV),Europe,MAR,2017,270
Sony,PlayStation Vita (PSV),Europe,MAR,2018,50
Sony,PlayStation Vita (PSV),Europe,MAR,2019,0
Sony,PlayStation Vita (PSV),Europe,MAR,2020,0
Sony,PlayStation Vita (PSV),Europe,SEP,2013,130
Sony,PlayStation Vita (PSV),Europe,SEP,2014,70
Sony,PlayStation Vita (PSV),Europe,SEP,2015,1080
Sony,PlayStation Vita (PSV),Europe,SEP,2016,140
Sony,PlayStation Vita (PSV),Europe,SEP,2017,30
Sony,PlayStation Vita (PSV),Europe,SEP,2018,0
Sony,PlayStation Vita (PSV),Europe,SEP,2019,0
Sony,PlayStation Vita (PSV),Europe,SEP,2020,0
Sony,PlayStation Vita (PSV),Japan,DEC,2013,180
Sony,PlayStation Vita (PSV),Japan,DEC,2014,180
Sony,PlayStation Vita (PSV),Japan,DEC,2015,210
Sony,PlayStation Vita (PSV),Japan,DEC,2016,90
Sony,PlayStation Vita (PSV),Japan,DEC,2017,70
Sony,PlayStation Vita (PSV),Japan,DEC,2018,30
Sony,PlayStation Vita (PSV),Japan,DEC,2019,0
Sony,PlayStation Vita (PSV),Japan,DEC,2020,0
Sony,PlayStation Vita (PSV),Japan,JUN,2013,230
Sony,PlayStation Vita (PSV),Japan,JUN,2014,330
Sony,PlayStation Vita (PSV),Japan,JUN,2015,270
Sony,PlayStation Vita (PSV),Japan,JUN,2016,240
Sony,PlayStation Vita (PSV),Japan,JUN,2017,90
Sony,PlayStation Vita (PSV),Japan,JUN,2018,60
Sony,PlayStation Vita (PSV),Japan,JUN,2019,30
Sony,PlayStation Vita (PSV),Japan,JUN,2020,0
Sony,PlayStation Vita (PSV),Japan,MAR,2013,270
Sony,PlayStation Vita (PSV),Japan,MAR,2014,580
Sony,PlayStation Vita (PSV),Japan,MAR,2015,290
Sony,PlayStation Vita (PSV),Japan,MAR,2016,410
Sony,PlayStation Vita (PSV),Japan,MAR,2017,280
Sony,PlayStation Vita (PSV),Japan,MAR,2018,90
Sony,PlayStation Vita (PSV),Japan,MAR,2019,20
Sony,PlayStation Vita (PSV),Japan,MAR,2020,0
Sony,PlayStation Vita (PSV),Japan,SEP,2013,230
Sony,PlayStation Vita (PSV),Japan,SEP,2014,270
Sony,PlayStation Vita (PSV),Japan,SEP,2015,150
Sony,PlayStation Vita (PSV),Japan,SEP,2016,170
Sony,PlayStation Vita (PSV),Japan,SEP,2017,50
Sony,PlayStation Vita (PSV),Japan,SEP,2018,40
Sony,PlayStation Vita (PSV),Japan,SEP,2019,0
Sony,PlayStation Vita (PSV),Japan,SEP,2020,0
Sony,PlayStation Vita (PSV),North America,DEC,2013,80
Sony,PlayStation Vita (PSV),North America,DEC,2014,50
Sony,PlayStation Vita (PSV),North America,DEC,2015,30
Sony,PlayStation Vita (PSV),North America,DEC,2016,10
Sony,PlayStation Vita (PSV),North America,DEC,2017,0
Sony,PlayStation Vita (PSV),North America,DEC,2018,0
Sony,PlayStation Vita (PSV),North America,DEC,2019,80
Sony,PlayStation Vita (PSV),North America,DEC,2020,0
Sony,PlayStation Vita (PSV),North America,JUN,2013,70
Sony,PlayStation Vita (PSV),North America,JUN,2014,30
Sony,PlayStation Vita (PSV),North America,JUN,2015,70
Sony,PlayStation Vita (PSV),North America,JUN,2016,30
Sony,PlayStation Vita (PSV),North America,JUN,2017,10
Sony,PlayStation Vita (PSV),North America,JUN,2018,0
Sony,PlayStation Vita (PSV),North America,JUN,2019,0
Sony,PlayStation Vita (PSV),North America,JUN,2020,0
Sony,PlayStation Vita (PSV),North America,MAR,2013,140
Sony,PlayStation Vita (PSV),North America,MAR,2014,260
Sony,PlayStation Vita (PSV),North America,MAR,2015,190
Sony,PlayStation Vita (PSV),North America,MAR,2016,100
Sony,PlayStation Vita (PSV),North America,MAR,2017,20
Sony,PlayStation Vita (PSV),North America,MAR,2018,10
Sony,PlayStation Vita (PSV),North America,MAR,2019,10
Sony,PlayStation Vita (PSV),North America,MAR,2020,0
Sony,PlayStation Vita (PSV),North America,SEP,2013,110
Sony,PlayStation Vita (PSV),North America,SEP,2014,80
Sony,PlayStation Vita (PSV),North America,SEP,2015,30
Sony,PlayStation Vita (PSV),North America,SEP,2016,0
Sony,PlayStation Vita (PSV),North America,SEP,2017,0
Sony,PlayStation Vita (PSV),North America,SEP,2018,0
Sony,PlayStation Vita (PSV),North America,SEP,2019,0
Sony,PlayStation Vita (PSV),North America,SEP,2020,0
Sony,PlayStation Vita (PSV),Other,DEC,2013,40
Sony,PlayStation Vita (PSV),Other,DEC,2014,70
Sony,PlayStation Vita (PSV),Other,DEC,2015,120
Sony,PlayStation Vita (PSV),Other,DEC,2016,50
Sony,PlayStation Vita (PSV),Other,DEC,2017,20
Sony,PlayStation Vita (PSV),Other,DEC,2018,0
Sony,PlayStation Vita (PSV),Other,DEC,2019,0
Sony,PlayStation Vita (PSV),Other,DEC,2020,0
Sony,PlayStation Vita (PSV),Other,JUN,2013,140
Sony,PlayStation Vita (PSV),Other,JUN,2014,200
Sony,PlayStation Vita (PSV),Other,JUN,2015,120
Sony,PlayStation Vita (PSV),Other,JUN,2016,110
Sony,PlayStation Vita (PSV),Other,JUN,2017,50
Sony,PlayStation Vita (PSV),Other,JUN,2018,10
Sony,PlayStation Vita (PSV),Other,JUN,2019,0
Sony,PlayStation Vita (PSV),Other,JUN,2020,0
Sony,PlayStation Vita (PSV),Other,MAR,2013,60
Sony,PlayStation Vita (PSV),Other,MAR,2014,160
Sony,PlayStation Vita (PSV),Other,MAR,2015,150
Sony,PlayStation Vita (PSV),Other,MAR,2016,30
Sony,PlayStation Vita (PSV),Other,MAR,2017,140
Sony,PlayStation Vita (PSV),Other,MAR,2018,20
Sony,PlayStation Vita (PSV),Other,MAR,2019,0
Sony,PlayStation Vita (PSV),Other,MAR,2020,0
Sony,PlayStation Vita (PSV),Other,SEP,2013,70
Sony,PlayStation Vita (PSV),Other,SEP,2014,60
Sony,PlayStation Vita (PSV),Other,SEP,2015,440
Sony,PlayStation Vita (PSV),Other,SEP,2016,80
Sony,PlayStation Vita (PSV),Other,SEP,2017,30
Sony,PlayStation Vita (PSV),Other,SEP,2018,0
Sony,PlayStation Vita (PSV),Other,SEP,2019,0
Sony,PlayStation Vita (PSV),Other,SEP,2020,0
Microsoft,Xbox 360 (X360),Europe,DEC,2013,310
Microsoft,Xbox 360 (X360),Europe,DEC,2014,140
Microsoft,Xbox 360 (X360),Europe,DEC,2015,40
Microsoft,Xbox 360 (X360),Europe,DEC,2016,10
Microsoft,Xbox 360 (X360),Europe,DEC,2017,0
Microsoft,Xbox 360 (X360),Europe,DEC,2018,0
Microsoft,Xbox 360 (X360),Europe,DEC,2019,0
Microsoft,Xbox 360 (X360),Europe,DEC,2020,0
Microsoft,Xbox 360 (X360),Europe,JUN,2013,980
Microsoft,Xbox 360 (X360),Europe,JUN,2014,0
Microsoft,Xbox 360 (X360),Europe,JUN,2015,70
Microsoft,Xbox 360 (X360),Europe,JUN,2016,20
Microsoft,Xbox 360 (X360),Europe,JUN,2017,0
Microsoft,Xbox 360 (X360),Europe,JUN,2018,0
Microsoft,Xbox 360 (X360),Europe,JUN,2019,0
Microsoft,Xbox 360 (X360),Europe,JUN,2020,0
Microsoft,Xbox 360 (X360),Europe,MAR,2013,670
Microsoft,Xbox 360 (X360),Europe,MAR,2014,360
Microsoft,Xbox 360 (X360),Europe,MAR,2015,170
Microsoft,Xbox 360 (X360),Europe,MAR,2016,50
Microsoft,Xbox 360 (X360),Europe,MAR,2017,30
Microsoft,Xbox 360 (X360),Europe,MAR,2018,0
Microsoft,Xbox 360 (X360),Europe,MAR,2019,0
Microsoft,Xbox 360 (X360),Europe,MAR,2020,0
Microsoft,Xbox 360 (X360),Europe,SEP,2013,400
Microsoft,Xbox 360 (X360),Europe,SEP,2014,60
Microsoft,Xbox 360 (X360),Europe,SEP,2015,20
Microsoft,Xbox 360 (X360),Europe,SEP,2016,20
Microsoft,Xbox 360 (X360),Europe,SEP,2017,10
Microsoft,Xbox 360 (X360),Europe,SEP,2018,0
Microsoft,Xbox 360 (X360),Europe,SEP,2019,0
Microsoft,Xbox 360 (X360),Europe,SEP,2020,0
Microsoft,Xbox 360 (X360),Japan,DEC,2013,0
Microsoft,Xbox 360 (X360),Japan,DEC,2014,0
Microsoft,Xbox 360 (X360),Japan,DEC,2015,0
Microsoft,Xbox 360 (X360),Japan,DEC,2016,0
Microsoft,Xbox 360 (X360),Japan,DEC,2017,0
Microsoft,Xbox 360 (X360),Japan,DEC,2018,0
Microsoft,Xbox 360 (X360),Japan,DEC,2019,0
Microsoft,Xbox 360 (X360),Japan,DEC,2020,0
Microsoft,Xbox 360 (X360),Japan,JUN,2013,0
Microsoft,Xbox 360 (X360),Japan,JUN,2014,0
Microsoft,Xbox 360 (X360),Japan,JUN,2015,0
Microsoft,Xbox 360 (X360),Japan,JUN,2016,0
Microsoft,Xbox 360 (X360),Japan,JUN,2017,0
Microsoft,Xbox 360 (X360),Japan,JUN,2018,0
Microsoft,Xbox 360 (X360),Japan,JUN,2019,0
Microsoft,Xbox 360 (X360),Japan,JUN,2020,0
Microsoft,Xbox 360 (X360),Japan,MAR,2013,20
Microsoft,Xbox 360 (X360),Japan,MAR,2014,10
Microsoft,Xbox 360 (X360),Japan,MAR,2015,0
Microsoft,Xbox 360 (X360),Japan,MAR,2016,0
Microsoft,Xbox 360 (X360),Japan,MAR,2017,0
Microsoft,Xbox 360 (X360),Japan,MAR,2018,0
Microsoft,Xbox 360 (X360),Japan,MAR,2019,0
Microsoft,Xbox 360 (X360),Japan,MAR,2020,0
Microsoft,Xbox 360 (X360),Japan,SEP,2013,10
Microsoft,Xbox 360 (X360),Japan,SEP,2014,0
Microsoft,Xbox 360 (X360),Japan,SEP,2015,0
Microsoft,Xbox 360 (X360),Japan,SEP,2016,0
Microsoft,Xbox 360 (X360),Japan,SEP,2017,0
Microsoft,Xbox 360 (X360),Japan,SEP,2018,0
Microsoft,Xbox 360 (X360),Japan,SEP,2019,0
Microsoft,Xbox 360 (X360),Japan,SEP,2020,0
Microsoft,Xbox 360 (X360),North America,DEC,2013,350
Microsoft,Xbox 360 (X360),North America,DEC,2014,310
Microsoft,Xbox 360 (X360),North America,DEC,2015,90
Microsoft,Xbox 360 (X360),North America,DEC,2016,30
Microsoft,Xbox 360 (X360),North America,DEC,2017,0
Microsoft,Xbox 360 (X360),North America,DEC,2018,0
Microsoft,Xbox 360 (X360),North America,DEC,2019,0
Microsoft,Xbox 360 (X360),North America,DEC,2020,0
Microsoft,Xbox 360 (X360),North America,JUN,2013,1470
Microsoft,Xbox 360 (X360),North America,JUN,2014,210
Microsoft,Xbox 360 (X360),North America,JUN,2015,160
Microsoft,Xbox 360 (X360),North America,JUN,2016,70
Microsoft,Xbox 360 (X360),North America,JUN,2017,10
Microsoft,Xbox 360 (X360),North America,JUN,2018,0
Microsoft,Xbox 360 (X360),North America,JUN,2019,0
Microsoft,Xbox 360 (X360),North America,JUN,2020,0
Microsoft,Xbox 360 (X360),North America,MAR,2013,1580
Microsoft,Xbox 360 (X360),North America,MAR,2014,1500
Microsoft,Xbox 360 (X360),North America,MAR,2015,650
Microsoft,Xbox 360 (X360),North America,MAR,2016,260
Microsoft,Xbox 360 (X360),North America,MAR,2017,110
Microsoft,Xbox 360 (X360),North America,MAR,2018,0
Microsoft,Xbox 360 (X360),North America,MAR,2019,0
Microsoft,Xbox 360 (X360),North America,MAR,2020,0
Microsoft,Xbox 360 (X360),North America,SEP,2013,520
Microsoft,Xbox 360 (X360),North America,SEP,2014,770
Microsoft,Xbox 360 (X360),North America,SEP,2015,30
Microsoft,Xbox 360 (X360),North America,SEP,2016,40
Microsoft,Xbox 360 (X360),North America,SEP,2017,10
Microsoft,Xbox 360 (X360),North America,SEP,2018,0
Microsoft,Xbox 360 (X360),North America,SEP,2019,0
Microsoft,Xbox 360 (X360),North America,SEP,2020,0
Microsoft,Xbox 360 (X360),Other,DEC,2013,80
Microsoft,Xbox 360 (X360),Other,DEC,2014,70
Microsoft,Xbox 360 (X360),Other,DEC,2015,30
Microsoft,Xbox 360 (X360),Other,DEC,2016,10
Microsoft,Xbox 360 (X360),Other,DEC,2017,0
Microsoft,Xbox 360 (X360),Other,DEC,2018,0
Microsoft,Xbox 360 (X360),Other,DEC,2019,0
Microsoft,Xbox 360 (X360),Other,DEC,2020,0
Microsoft,Xbox 360 (X360),Other,JUN,2013,240
Microsoft,Xbox 360 (X360),Other,JUN,2014,0
Microsoft,Xbox 360 (X360),Other,JUN,2015,30
Microsoft,Xbox 360 (X360),Other,JUN,2016,10
Microsoft,Xbox 360 (X360),Other,JUN,2017,0
Microsoft,Xbox 360 (X360),Other,JUN,2018,0
Microsoft,Xbox 360 (X360),Other,JUN,2019,0
Microsoft,Xbox 360 (X360),Other,JUN,2020,0
Microsoft,Xbox 360 (X360),Other,MAR,2013,180
Microsoft,Xbox 360 (X360),Other,MAR,2014,100
Microsoft,Xbox 360 (X360),Other,MAR,2015,130
Microsoft,Xbox 360 (X360),Other,MAR,2016,20
Microsoft,Xbox 360 (X360),Other,MAR,2017,20
Microsoft,Xbox 360 (X360),Other,MAR,2018,0
Microsoft,Xbox 360 (X360),Other,MAR,2019,0
Microsoft,Xbox 360 (X360),Other,MAR,2020,0
Microsoft,Xbox 360 (X360),Other,SEP,2013,80
Microsoft,Xbox 360 (X360),Other,SEP,2014,950
Microsoft,Xbox 360 (X360),Other,SEP,2015,10
Microsoft,Xbox 360 (X360),Other,SEP,2016,10
Microsoft,Xbox 360 (X360),Other,SEP,2017,0
Microsoft,Xbox 360 (X360),Other,SEP,2018,0
Microsoft,Xbox 360 (X360),Other,SEP,2019,0
Microsoft,Xbox 360 (X360),Other,SEP,2020,0
Microsoft,Xbox One (XOne),Europe,DEC,2013,0
Microsoft,Xbox One (XOne),Europe,DEC,2014,1000
Microsoft,Xbox One (XOne),Europe,DEC,2015,590
Microsoft,Xbox One (XOne),Europe,DEC,2016,520
Microsoft,Xbox One (XOne),Europe,DEC,2017,500
Microsoft,Xbox One (XOne),Europe,DEC,2018,470
Microsoft,Xbox One (XOne),Europe,DEC,2019,0
Microsoft,Xbox One (XOne),Europe,DEC,2020,70
Microsoft,Xbox One (XOne),Europe,JUN,2013,0
Microsoft,Xbox One (XOne),Europe,JUN,2014,220
Microsoft,Xbox One (XOne),Europe,JUN,2015,300
Microsoft,Xbox One (XOne),Europe,JUN,2016,470
Microsoft,Xbox One (XOne),Europe,JUN,2017,340
Microsoft,Xbox One (XOne),Europe,JUN,2018,30
Microsoft,Xbox One (XOne),Europe,JUN,2019,0
Microsoft,Xbox One (XOne),Europe,JUN,2020,280
Microsoft,Xbox One (XOne),Europe,MAR,2013,0
Microsoft,Xbox One (XOne),Europe,MAR,2014,890
Microsoft,Xbox One (XOne),Europe,MAR,2015,790
Microsoft,Xbox One (XOne),Europe,MAR,2016,950
Microsoft,Xbox One (XOne),Europe,MAR,2017,1040
Microsoft,Xbox One (XOne),Europe,MAR,2018,1220
Microsoft,Xbox One (XOne),Europe,MAR,2019,820
Microsoft,Xbox One (XOne),Europe,MAR,2020,170
Microsoft,Xbox One (XOne),Europe,SEP,2013,0
Microsoft,Xbox One (XOne),Europe,SEP,2014,120
Microsoft,Xbox One (XOne),Europe,SEP,2015,250
Microsoft,Xbox One (XOne),Europe,SEP,2016,390
Microsoft,Xbox One (XOne),Europe,SEP,2017,350
Microsoft,Xbox One (XOne),Europe,SEP,2018,260
Microsoft,Xbox One (XOne),Europe,SEP,2019,0
Microsoft,Xbox One (XOne),Europe,SEP,2020,120
Microsoft,Xbox One (XOne),Japan,DEC,2013,0
Microsoft,Xbox One (XOne),Japan,DEC,2014,40
Microsoft,Xbox One (XOne),Japan,DEC,2015,0
Microsoft,Xbox One (XOne),Japan,DEC,2016,0
Microsoft,Xbox One (XOne),Japan,DEC,2017,0
Microsoft,Xbox One (XOne),Japan,DEC,2018,0
Microsoft,Xbox One (XOne),Japan,DEC,2019,0
Microsoft,Xbox One (XOne),Japan,DEC,2020,0
Microsoft,Xbox One (XOne),Japan,JUN,2013,0
Microsoft,Xbox One (XOne),Japan,JUN,2014,0
Microsoft,Xbox One (XOne),Japan,JUN,2015,0
Microsoft,Xbox One (XOne),Japan,JUN,2016,0
Microsoft,Xbox One (XOne),Japan,JUN,2017,0
Microsoft,Xbox One (XOne),Japan,JUN,2018,0
Microsoft,Xbox One (XOne),Japan,JUN,2019,0
Microsoft,Xbox One (XOne),Japan,JUN,2020,10
Microsoft,Xbox One (XOne),Japan,MAR,2013,0
Microsoft,Xbox One (XOne),Japan,MAR,2014,0
Microsoft,Xbox One (XOne),Japan,MAR,2015,10
Microsoft,Xbox One (XOne),Japan,MAR,2016,10
Microsoft,Xbox One (XOne),Japan,MAR,2017,10
Microsoft,Xbox One (XOne),Japan,MAR,2018,10
Microsoft,Xbox One (XOne),Japan,MAR,2019,10
Microsoft,Xbox One (XOne),Japan,MAR,2020,0
Microsoft,Xbox One (XOne),Japan,SEP,2013,0
Microsoft,Xbox One (XOne),Japan,SEP,2014,0
Microsoft,Xbox One (XOne),Japan,SEP,2015,10
Microsoft,Xbox One (XOne),Japan,SEP,2016,0
Microsoft,Xbox One (XOne),Japan,SEP,2017,0
Microsoft,Xbox One (XOne),Japan,SEP,2018,10
Microsoft,Xbox One (XOne),Japan,SEP,2019,0
Microsoft,Xbox One (XOne),Japan,SEP,2020,0
Microsoft,Xbox One (XOne),North America,DEC,2013,0
Microsoft,Xbox One (XOne),North America,DEC,2014,1260
Microsoft,Xbox One (XOne),North America,DEC,2015,1170
Microsoft,Xbox One (XOne),North America,DEC,2016,910
Microsoft,Xbox One (XOne),North America,DEC,2017,440
Microsoft,Xbox One (XOne),North America,DEC,2018,710
Microsoft,Xbox One (XOne),North America,DEC,2019,550
Microsoft,Xbox One (XOne),North America,DEC,2020,150
Microsoft,Xbox One (XOne),North America,JUN,2013,0
Microsoft,Xbox One (XOne),North America,JUN,2014,730
Microsoft,Xbox One (XOne),North America,JUN,2015,710
Microsoft,Xbox One (XOne),North America,JUN,2016,610
Microsoft,Xbox One (XOne),North America,JUN,2017,680
Microsoft,Xbox One (XOne),North America,JUN,2018,910
Microsoft,Xbox One (XOne),North America,JUN,2019,690
Microsoft,Xbox One (XOne),North America,JUN,2020,850
Microsoft,Xbox One (XOne),North America,MAR,2013,0
Microsoft,Xbox One (XOne),North America,MAR,2014,2430
Microsoft,Xbox One (XOne),North America,MAR,2015,2270
Microsoft,Xbox One (XOne),North America,MAR,2016,2890
Microsoft,Xbox One (XOne),North America,MAR,2017,2940
Microsoft,Xbox One (XOne),North America,MAR,2018,3230
Microsoft,Xbox One (XOne),North America,MAR,2019,2340
Microsoft,Xbox One (XOne),North America,MAR,2020,1770
Microsoft,Xbox One (XOne),North America,SEP,2013,0
Microsoft,Xbox One (XOne),North America,SEP,2014,390
Microsoft,Xbox One (XOne),North America,SEP,2015,600
Microsoft,Xbox One (XOne),North America,SEP,2016,630
Microsoft,Xbox One (XOne),North America,SEP,2017,470
Microsoft,Xbox One (XOne),North America,SEP,2018,510
Microsoft,Xbox One (XOne),North America,SEP,2019,350
Microsoft,Xbox One (XOne),North America,SEP,2020,350
Microsoft,Xbox One (XOne),Other,DEC,2013,0
Microsoft,Xbox One (XOne),Other,DEC,2014,620
Microsoft,Xbox One (XOne),Other,DEC,2015,260
Microsoft,Xbox One (XOne),Other,DEC,2016,150
Microsoft,Xbox One (XOne),Other,DEC,2017,220
Microsoft,Xbox One (XOne),Other,DEC,2018,180
Microsoft,Xbox One (XOne),Other,DEC,2019,0
Microsoft,Xbox One (XOne),Other,DEC,2020,20
Microsoft,Xbox One (XOne),Other,JUN,2013,0
Microsoft,Xbox One (XOne),Other,JUN,2014,80
Microsoft,Xbox One (XOne),Other,JUN,2015,150
Microsoft,Xbox One (XOne),Other,JUN,2016,150
Microsoft,Xbox One (XOne),Other,JUN,2017,130
Microsoft,Xbox One (XOne),Other,JUN,2018,0
Microsoft,Xbox One (XOne),Other,JUN,2019,0
Microsoft,Xbox One (XOne),Other,JUN,2020,0
Microsoft,Xbox One (XOne),Other,MAR,2013,0
Microsoft,Xbox One (XOne),Other,MAR,2014,220
Microsoft,Xbox One (XOne),Other,MAR,2015,340
Microsoft,Xbox One (XOne),Other,MAR,2016,440
Microsoft,Xbox One (XOne),Other,MAR,2017,460
Microsoft,Xbox One (XOne),Other,MAR,2018,530
Microsoft,Xbox One (XOne),Other,MAR,2019,270
Microsoft,Xbox One (XOne),Other,MAR,2020,0
Microsoft,Xbox One (XOne),Other,SEP,2013,0
Microsoft,Xbox One (XOne),Other,SEP,2014,60
Microsoft,Xbox One (XOne),Other,SEP,2015,80
Microsoft,Xbox One (XOne),Other,SEP,2016,120
Microsoft,Xbox One (XOne),Other,SEP,2017,160
Microsoft,Xbox One (XOne),Other,SEP,2018,70
Microsoft,Xbox One (XOne),Other,SEP,2019,0
Microsoft,Xbox One (XOne),Other,SEP,2020,70
